numax_smooth,amp_smooth,numax_gaussian,amp_gaussian,fwhm_gaussian,dnu,wn,a_1,b_1,a_2,b_2,numax_smooth_err,amp_smooth_err,numax_gaussian_err,amp_gaussian_err,fwhm_gaussian_err,dnu_err,wn_err,a_1_err,b_1_err,a_2_err,b_2_err
1312.61897509,1.3402783629072683,1366.6314544415372,1.1969662359810413,271.52551874798525,71.4558583795898,1.389767015396294,6.130306824822766,0.00195331200303313,1.7431569710723118,0.0006296031683726256,56.32590913198553,0.31920252189393833,55.01718183568468,0.2553182476239681,67.14902162416227,1.0115340168457903,0.02544640109792109,1.536674587978396,0.0012285183937866993,1.564925088082717,0.0001937701866038871
1207.18258913,1.3627189725973938,1310.0908956038934,1.2152555211132678,392.6888028507525,72.27552282504469,1.2391876384040696,6.429841342422658,0.0025320801688779055,1.9687841222205635,0.0006039847882885889,56.32590913198553,0.31920252189393833,55.01718183568468,0.2553182476239681,67.14902162416227,1.0115340168457903,0.02544640109792109,1.536674587978396,0.0012285183937866993,1.564925088082717,0.0001937701866038871
1335.6698449,2.0483773848097613,1352.1028311856116,1.8358092784391056,239.4359330222622,71.94940951908868,1.2422420854088205,5.864252904559363,0.0018631148079430056,1.4299957277570785,0.0005781909134823033,56.32590913198553,0.31920252189393833,55.01718183568468,0.2553182476239681,67.14902162416227,1.0115340168457903,0.02544640109792109,1.536674587978396,0.0012285183937866993,1.564925088082717,0.0001937701866038871
1341.21912837,1.4950856161818136,1365.4207358368767,1.4969960196414824,320.45383647911575,70.02599909321329,1.2648818523413323,7.032844519005368,0.002276272977189001,1.8984307727045127,0.0006414997708374193,56.32590913198553,0.31920252189393833,55.01718183568468,0.2553182476239681,67.14902162416227,1.0115340168457903,0.02544640109792109,1.536674587978396,0.0012285183937866993,1.564925088082717,0.0001937701866038871
1353.17143123,1.8048432898760036,1344.7174476971827,1.523011270096952,257.2923501419082,70.11825714573743,1.2936842508619173,4.880336067417518,0.002422165806055274,2.5591028485078176,0.0007792531362361004,56.32590913198553,0.31920252189393833,55.01718183568468,0.2553182476239681,67.14902162416227,1.0115340168457903,0.02544640109792109,1.536674587978396,0.0012285183937866993,1.564925088082717,0.0001937701866038871
1502.57521702,1.823289615713937,1401.8633658371566,1.8708493761572835,410.20135801720085,71.26842630658668,1.2463300683754706,262223.5253675048,0.1529096183382803,5.772247409991746,0.0012959225826726234,56.32590913198553,0.31920252189393833,55.01718183568468,0.2553182476239681,67.14902162416227,1.0115340168457903,0.02544640109792109,1.536674587978396,0.0012285183937866993,1.564925088082717,0.0001937701866038871
1354.02516715,1.6922537433069422,1459.2514276980628,1.693839065281363,307.59011115072536,70.85267516543915,1.289309201126595,4106.2035553314145,-0.04796392988987083,4.825058133784579,0.001074219724031624,56.32590913198553,0.31920252189393833,55.01718183568468,0.2553182476239681,67.14902162416227,1.0115340168457903,0.02544640109792109,1.536674587978396,0.0012285183937866993,1.564925088082717,0.0001937701866038871
1539.71272948,1.1166625427253316,1472.4482604888617,1.181214576240916,249.28382272575072,70.84594414757538,1.2459484224124988,5.794299925551989,0.003598631509848531,3.22765803437944,0.0007050663517143278,56.32590913198553,0.31920252189393833,55.01718183568468,0.2553182476239681,67.14902162416227,1.0115340168457903,0.02544640109792109,1.536674587978396,0.0012285183937866993,1.564925088082717,0.0001937701866038871
1324.99814591,1.4384917642714528,1333.2156209529082,1.4264528400834624,312.6188025450362,71.26821824510311,1.1920172679514554,5.562051693118585,0.002576669211647494,2.3147494316728316,0.0006218909855617363,56.32590913198553,0.31920252189393833,55.01718183568468,0.2553182476239681,67.14902162416227,1.0115340168457903,0.02544640109792109,1.536674587978396,0.0012285183937866993,1.564925088082717,0.0001937701866038871
1301.52040815,1.6834196660020262,1320.3820037435073,1.1004085227504226,180.50064418150532,72.3312726656223,1.2591084840776872,20.43202585985936,0.009352230862229022,4.1655250258617,0.0009560413438301777,56.32590913198553,0.31920252189393833,55.01718183568468,0.2553182476239681,67.14902162416227,1.0115340168457903,0.02544640109792109,1.536674587978396,0.0012285183937866993,1.564925088082717,0.0001937701866038871
1290.84870916,1.6354851507671584,1317.3552072318562,1.2139774846945375,205.22393786092428,70.87773661296096,1.2663402935627175,6.168668353885468,0.002044567880535814,1.5310123284583879,-0.0005969407132361297,56.32590913198553,0.31920252189393833,55.01718183568468,0.2553182476239681,67.14902162416227,1.0115340168457903,0.02544640109792109,1.536674587978396,0.0012285183937866993,1.564925088082717,0.0001937701866038871
1541.42020132,1.6990700873344196,1453.3189065352265,1.698124704230206,275.17625933461,72.51350787001343,1.2618085453094383,4.228610368166464,0.0020721292451469603,3.1244589260648308,0.0008390839458308468,56.32590913198553,0.31920252189393833,55.01718183568468,0.2553182476239681,67.14902162416227,1.0115340168457903,0.02544640109792109,1.536674587978396,0.0012285183937866993,1.564925088082717,0.0001937701866038871
1341.21912837,1.8620785059191864,1357.6721367670498,1.3299695213794949,214.64883790036006,70.18983765341483,1.2574854856166107,5.168832708434768,0.0015890962977766518,1.1966037553243962,0.0006032048802544535,56.32590913198553,0.31920252189393833,55.01718183568468,0.2553182476239681,67.14902162416227,1.0115340168457903,0.02544640109792109,1.536674587978396,0.0012285183937866993,1.564925088082717,0.0001937701866038871
1375.36856512,1.7631670597811087,1296.4097753712301,1.7573632654565066,345.46348695078177,71.08841642431764,1.2008289996531702,6.387896733122889,0.0017274493389745778,0.7879213509799909,0.0004010655060862267,56.32590913198553,0.31920252189393833,55.01718183568468,0.2553182476239681,67.14902162416227,1.0115340168457903,0.02544640109792109,1.536674587978396,0.0012285183937866993,1.564925088082717,0.0001937701866038871
1310.4846353,2.136063916030553,1324.1352314179549,1.4486682017293586,264.4219170734031,70.85491961528655,1.2875215992248101,7.36210811402317,0.001623995174889119,0.5199760661877257,-1.2025028850636923,56.32590913198553,0.31920252189393833,55.01718183568468,0.2553182476239681,67.14902162416227,1.0115340168457903,0.02544640109792109,1.536674587978396,0.0012285183937866993,1.564925088082717,0.0001937701866038871
1261.39481997,1.403892829679235,1334.3052676971026,1.265539459021029,279.87543674358517,71.17545420033595,1.2550503393510009,5.351950675964901,0.0034313000361367754,3.37152744531676,0.0008351804328372554,56.32590913198553,0.31920252189393833,55.01718183568468,0.2553182476239681,67.14902162416227,1.0115340168457903,0.02544640109792109,1.536674587978396,0.0012285183937866993,1.564925088082717,0.0001937701866038871
1281.88448202,1.6693527065801645,1321.8348660691,1.1047423242817502,240.05653762977866,69.94427728797179,1.2266421360059327,4.794976454200556,0.0017886891763118414,1.4914912848109407,0.000583275540113941,56.32590913198553,0.31920252189393833,55.01718183568468,0.2553182476239681,67.14902162416227,1.0115340168457903,0.02544640109792109,1.536674587978396,0.0012285183937866993,1.564925088082717,0.0001937701866038871
1392.4432835,1.5050374033703857,1325.2248781621493,1.450861496729197,428.2760054358701,70.49425898835295,1.2492541269900745,4.622996672576341,0.0024315275562955658,2.125762363489713,0.0006887149834344161,56.32590913198553,0.31920252189393833,55.01718183568468,0.2553182476239681,67.14902162416227,1.0115340168457903,0.02544640109792109,1.536674587978396,0.0012285183937866993,1.564925088082717,0.0001937701866038871
1392.01641554,1.2384028059684273,1429.4677500234152,1.1433214654214998,303.3355516137771,69.85352373390788,1.3081006976927227,5.660311758806219,0.0029124816551175064,2.9190634146500853,0.0007735632831684938,56.32590913198553,0.31920252189393833,55.01718183568468,0.2553182476239681,67.14902162416227,1.0115340168457903,0.02544640109792109,1.536674587978396,0.0012285183937866993,1.564925088082717,0.0001937701866038871
1284.87255773,1.5595536577006475,1348.349603511164,1.1718827345640979,213.5946029849827,69.68600192155333,1.2331629952504142,6.29807469235758,0.0020249180919869893,1.721060623218273,0.0006451012473725312,56.32590913198553,0.31920252189393833,55.01718183568468,0.2553182476239681,67.14902162416227,1.0115340168457903,0.02544640109792109,1.536674587978396,0.0012285183937866993,1.564925088082717,0.0001937701866038871
1279.32327426,1.341138289440643,1374.9854128136944,1.404057294339375,331.69496882134706,71.08064573619602,1.2288052014114745,6.897979605273534,0.0030153415045799555,2.8593521073549995,0.000715941613443695,56.32590913198553,0.31920252189393833,55.01718183568468,0.2553182476239681,67.14902162416227,1.0115340168457903,0.02544640109792109,1.536674587978396,0.0012285183937866993,1.564925088082717,0.0001937701866038871
1328.41308959,1.7814495511704465,1350.892112580951,1.6532895525656301,332.59587823754214,70.32469876878599,1.2536575359158055,5.207689524466354,0.0020737568670132437,1.2889934443691287,0.0005664930909414145,56.32590913198553,0.31920252189393833,55.01718183568468,0.2553182476239681,67.14902162416227,1.0115340168457903,0.02544640109792109,1.536674587978396,0.0012285183937866993,1.564925088082717,0.0001937701866038871
1304.0816159,2.1607021302354203,1313.4809076969427,1.592041615508694,272.5448205473141,71.72057364411013,1.285158631020829,5.662755277723175,0.0017523100620577537,0.9401373503324376,0.0006544729638324534,56.32590913198553,0.31920252189393833,55.01718183568468,0.2553182476239681,67.14902162416227,1.0115340168457903,0.02544640109792109,1.536674587978396,0.0012285183937866993,1.564925088082717,0.0001937701866038871
1218.70802403,1.9133576896491777,1280.549361650178,1.2027080809360444,293.21499143697525,69.82881567265831,6.122971579549134e-07,6.419428822181573,0.0014960263559375268,1.3787889636027502,4.7432624730166805e-05,56.32590913198553,0.31920252189393833,55.01718183568468,0.2553182476239681,67.14902162416227,1.0115340168457903,0.02544640109792109,1.536674587978396,0.0012285183937866993,1.564925088082717,0.0001937701866038871
1358.29384675,1.1858079786647462,1465.5471644422971,1.1554212824687553,313.4705495998959,71.27466370221369,1.2578872831467154,6.53008856538528,0.0030139254090155378,2.6043490733096175,0.0007248323892168621,56.32590913198553,0.31920252189393833,55.01718183568468,0.2553182476239681,67.14902162416227,1.0115340168457903,0.02544640109792109,1.536674587978396,0.0012285183937866993,1.564925088082717,0.0001937701866038871
1370.24614961,1.3840951092926153,1447.8706728142542,1.4607668568800531,338.46735309905785,68.9531723880964,1.268635220535196,3.911124494037305,0.0023569809809204203,3.636408976589416,0.0008468023351996434,56.32590913198553,0.31920252189393833,55.01718183568468,0.2553182476239681,67.14902162416227,1.0115340168457903,0.02544640109792109,1.536674587978396,0.0012285183937866993,1.564925088082717,0.0001937701866038871
1307.06969162,1.9428576311884436,1316.991991650458,1.8749806964106575,388.76262165325255,70.11394669549469,1.289524721198433,23397568.11906305,0.40226892424894717,5.712626779112283,0.001370435037837179,56.32590913198553,0.31920252189393833,55.01718183568468,0.2553182476239681,67.14902162416227,1.0115340168457903,0.02544640109792109,1.536674587978396,0.0012285183937866993,1.564925088082717,0.0001937701866038871
1464.58396863,1.6232552969920833,1418.329138860539,1.4572386833740272,207.70061591709722,71.46089329630497,1.2692454592431235,5.701752492377732,0.0022175748788364493,2.129422901333096,0.0006359870131653475,56.32590913198553,0.31920252189393833,55.01718183568468,0.2553182476239681,67.14902162416227,1.0115340168457903,0.02544640109792109,1.536674587978396,0.0012285183937866993,1.564925088082717,0.0001937701866038871
1271.21278303,1.7852417862216734,1428.0148876978228,1.4246228076023013,320.83582614271984,72.87830404526797,1.2823617707859098,24096589.257030215,0.40831192875752664,5.861973656389889,0.0012697173936297567,56.32590913198553,0.31920252189393833,55.01718183568468,0.2553182476239681,67.14902162416227,1.0115340168457903,0.02544640109792109,1.536674587978396,0.0012285183937866993,1.564925088082717,0.0001937701866038871
1367.68494185,1.7997757517612785,1401.6212221162245,1.5628803117947268,226.4421321180145,71.33419505896391,1.256563534190952,5.550575695038141,0.0030029136160119314,3.382351701906091,0.0008488719452531356,56.32590913198553,0.31920252189393833,55.01718183568468,0.2553182476239681,67.14902162416227,1.0115340168457903,0.02544640109792109,1.536674587978396,0.0012285183937866993,1.564925088082717,0.0001937701866038871
1300.66667223,1.881980265116512,1458.7671402561987,1.9169339541736508,322.33954378322625,72.94540911611257,1.31721022896232,0.9740458229637875,-680.8164816691224,6.094800194951031,0.0011823380628090718,56.32590913198553,0.31920252189393833,55.01718183568468,0.2553182476239681,67.14902162416227,1.0115340168457903,0.02544640109792109,1.536674587978396,0.0012285183937866993,1.564925088082717,0.0001937701866038871
1316.88765469,2.087029258459863,1378.3754249067438,1.7082250686251608,254.6059942403641,73.2774343339327,1.2805326576797478,7321631.725331204,0.3625912058564683,5.682623807869132,0.0012085964663195875,56.32590913198553,0.31920252189393833,55.01718183568468,0.2553182476239681,67.14902162416227,1.0115340168457903,0.02544640109792109,1.536674587978396,0.0012285183937866993,1.564925088082717,0.0001937701866038871
1290.4218412,1.6419121825618104,1287.9347451386068,1.0704814570813261,291.84980574487145,71.05122068738903,1.2519548690362499,5.879324373681239,-0.001581616474491327,0.5658663098952283,0.0004063016961380668,56.32590913198553,0.31920252189393833,55.01718183568468,0.2553182476239681,67.14902162416227,1.0115340168457903,0.02544640109792109,1.536674587978396,0.0012285183937866993,1.564925088082717,0.0001937701866038871
1402.26124656,1.2925311762442626,1378.4964967672097,0.7965381383010137,232.52103495180828,70.86211854878853,1.236680553838273,3.7886285307048895,-0.002837794064736137,3.3098686925652263,0.0008453648723549468,56.32590913198553,0.31920252189393833,55.01718183568468,0.2553182476239681,67.14902162416227,1.0115340168457903,0.02544640109792109,1.536674587978396,0.0012285183937866993,1.564925088082717,0.0001937701866038871
1321.58320224,1.6041442857658748,1292.5354758363167,1.0913620422819126,290.7227259682981,70.65591617153432,1.2054782025396402,6.945780600789661,0.0023772989960751914,1.5857428856527487,0.0005910254345863865,56.32590913198553,0.31920252189393833,55.01718183568468,0.2553182476239681,67.14902162416227,1.0115340168457903,0.02544640109792109,1.536674587978396,0.0012285183937866993,1.564925088082717,0.0001937701866038871
1284.44568977,1.5325380474574932,1353.192477929806,1.2269426157660632,235.74113488632412,73.27886774764485,1.24936417959149,6.2836169050492074,0.0027009983900236974,2.3629500024826324,0.0006950387401639588,56.32590913198553,0.31920252189393833,55.01718183568468,0.2553182476239681,67.14902162416227,1.0115340168457903,0.02544640109792109,1.536674587978396,0.0012285183937866993,1.564925088082717,0.0001937701866038871
1348.90275164,2.237219337980856,1381.1600776974628,1.5572208927275242,218.72808146228815,71.1178671596283,1.282551050367452,3.6033876034601797,0.004567972718547102,5.918545410474253,0.0013524529044643204,56.32590913198553,0.31920252189393833,55.01718183568468,0.2553182476239681,67.14902162416227,1.0115340168457903,0.02544640109792109,1.536674587978396,0.0012285183937866993,1.564925088082717,0.0001937701866038871
1279.32327426,0.985826078958076,1350.407825139087,0.7570785881105263,230.22817497704355,74.21975480646135,1.2112805740541153,6.51764694563261,0.003337570473358599,2.981390381712373,0.0006867146714432206,56.32590913198553,0.31920252189393833,55.01718183568468,0.2553182476239681,67.14902162416227,1.0115340168457903,0.02544640109792109,1.536674587978396,0.0012285183937866993,1.564925088082717,0.0001937701866038871
1249.4425171,1.403527577657822,1389.9983235114842,1.2803257718635714,373.4621582809376,74.24011675963256,1.2567560516700103,5.354945375264777,0.00249389261305002,2.7382701004201953,0.0007541797475976553,56.32590913198553,0.31920252189393833,55.01718183568468,0.2553182476239681,67.14902162416227,1.0115340168457903,0.02544640109792109,1.536674587978396,0.0012285183937866993,1.564925088082717,0.0001937701866038871
1337.37731674,1.703225598568169,1407.5537432790609,1.2573847958697162,198.64585338479156,70.78149412023166,1.2700990223447106,4.616209920990776,0.0019750638106795612,2.1304370618942166,0.0006619930710108312,56.32590913198553,0.31920252189393833,55.01718183568468,0.2553182476239681,67.14902162416227,1.0115340168457903,0.02544640109792109,1.536674587978396,0.0012285183937866993,1.564925088082717,0.0001937701866038871
1395.00449125,2.273843248586847,1360.6989332787007,1.6806767712675859,294.40729904145854,67.12227192037611,1.2208400756999902,6.461558775680852,0.0015299382799965008,0.21089575165756821,0.00021753936952779754,56.32590913198553,0.31920252189393833,55.01718183568468,0.2553182476239681,67.14902162416227,1.0115340168457903,0.02544640109792109,1.536674587978396,0.0012285183937866993,1.564925088082717,0.0001937701866038871
1649.844663,0.7910900308822364,1559.2567844430173,0.8376287410006577,463.5664609501527,71.5269034928877,1.227923175454229,7.000438861403203,0.0036028077986329857,3.122609901125346,0.0007077245962528368,56.32590913198553,0.31920252189393833,55.01718183568468,0.2553182476239681,67.14902162416227,1.0115340168457903,0.02544640109792109,1.536674587978396,0.0012285183937866993,1.564925088082717,0.0001937701866038871
1270.78591507,1.524338559002591,1317.3552072318562,1.1588747220633815,233.53188494063411,72.5609879396307,1.2469071507554155,7.267918260550355,0.0026129134910895763,2.019811070943484,0.0007229850262689861,56.32590913198553,0.31920252189393833,55.01718183568468,0.2553182476239681,67.14902162416227,1.0115340168457903,0.02544640109792109,1.536674587978396,0.0012285183937866993,1.564925088082717,0.0001937701866038871
1339.08478857,1.66633187032844,1404.7690904883418,1.2760174390128944,267.239795374894,71.16972032102294,1.2640513418880357,4.683166559355259,0.0027884406508117913,2.9016211980259303,0.0009324826483490865,56.32590913198553,0.31920252189393833,55.01718183568468,0.2553182476239681,67.14902162416227,1.0115340168457903,0.02544640109792109,1.536674587978396,0.0012285183937866993,1.564925088082717,0.0001937701866038871
1314.75331489,1.5764160514020484,1395.32548537199,1.2942181324893427,336.07494980032396,70.33615890439853,1.2672052935973417,6.182393918844835,0.0032664936899576167,3.369545089283543,0.0009292902610450372,56.32590913198553,0.31920252189393833,55.01718183568468,0.2553182476239681,67.14902162416227,1.0115340168457903,0.02544640109792109,1.536674587978396,0.0012285183937866993,1.564925088082717,0.0001937701866038871
1337.8041847,1.4671886938745065,1371.3532569997128,0.9597416575359736,183.4468743280593,74.62446965512999,1.2395269208672648,4.05666819573944,0.0021686957242531145,2.2351759829110414,0.00063440788261976,56.32590913198553,0.31920252189393833,55.01718183568468,0.2553182476239681,67.14902162416227,1.0115340168457903,0.02544640109792109,1.536674587978396,0.0012285183937866993,1.564925088082717,0.0001937701866038871
1316.46078673,1.6149685411160148,1347.986387929766,1.4371194519123573,307.50481203412767,70.55196550914478,1.2369115479535782,5.4599056812369335,0.002288130972471832,2.3280024947810642,0.0006760820014999404,56.32590913198553,0.31920252189393833,55.01718183568468,0.2553182476239681,67.14902162416227,1.0115340168457903,0.02544640109792109,1.536674587978396,0.0012285183937866993,1.564925088082717,0.0001937701866038871
1449.64359005,1.6167712008655086,1387.092598860299,1.3822178483609358,268.49367923005263,71.79865152039415,1.2570707710453908,6.668601032810703,0.002478163382846636,2.1272666871229995,0.0006831825517647223,56.32590913198553,0.31920252189393833,55.01718183568468,0.2553182476239681,67.14902162416227,1.0115340168457903,0.02544640109792109,1.536674587978396,0.0012285183937866993,1.564925088082717,0.0001937701866038871
1328.41308959,2.0584244148813897,1322.6823690923623,1.4609022329465282,247.91114718175618,71.5599941644856,1.2722743701091228,6.8037587239933774,0.0018009748385888417,0.47420454599850376,0.00037633404110202405,56.32590913198553,0.31920252189393833,55.01718183568468,0.2553182476239681,67.14902162416227,1.0115340168457903,0.02544640109792109,1.536674587978396,0.0012285183937866993,1.564925088082717,0.0001937701866038871
1376.22230104,1.635839989424365,1397.9890663022431,1.2170830574823848,241.81996080526548,71.02900103682114,1.2255914210154952,9.150309194893538,0.0048714229670081925,3.30985127141824,0.0008108664767328954,56.32590913198553,0.31920252189393833,55.01718183568468,0.2553182476239681,67.14902162416227,1.0115340168457903,0.02544640109792109,1.536674587978396,0.0012285183937866993,1.564925088082717,0.0001937701866038871
1235.35587444,2.1847446728151434,1316.991991650458,1.539729292095644,245.8662803558613,70.3848378281309,1.2554154431925704,6.236195161571969,0.003919096188933888,3.558207345037525,0.0009924830897545586,56.32590913198553,0.31920252189393833,55.01718183568468,0.2553182476239681,67.14902162416227,1.0115340168457903,0.02544640109792109,1.536674587978396,0.0012285183937866993,1.564925088082717,0.0001937701866038871
1307.49655958,1.3023587108997114,1274.7379123478077,1.24211372097346,452.0535850228974,70.64463697451042,1.2492165852091437,6.715279590837813,0.001737718742997213,0.9209353027577069,0.0005093265831503058,56.32590913198553,0.31920252189393833,55.01718183568468,0.2553182476239681,67.14902162416227,1.0115340168457903,0.02544640109792109,1.536674587978396,0.0012285183937866993,1.564925088082717,0.0001937701866038871
1301.52040815,1.4912424374591753,1301.9790809526683,1.2131032739993388,320.29495264212767,71.03167331956865,1.2484036984926548,6.013609090239197,0.0027583284283965843,2.2775489498258334,0.0006774247534561923,56.32590913198553,0.31920252189393833,55.01718183568468,0.2553182476239681,67.14902162416227,1.0115340168457903,0.02544640109792109,1.536674587978396,0.0012285183937866993,1.564925088082717,0.0001937701866038871
1386.04026411,2.0484294702741312,1329.946680720325,1.4955943231439934,279.0695892697536,72.63830625920707,1.2518714838353102,4.97357858376384,0.001820411864817125,1.3193035799557196,0.000648849905348359,56.32590913198553,0.31920252189393833,55.01718183568468,0.2553182476239681,67.14902162416227,1.0115340168457903,0.02544640109792109,1.536674587978396,0.0012285183937866993,1.564925088082717,0.0001937701866038871
1243.03949771,1.4407912003192083,1396.8994195580487,1.3151589848897824,439.80383910385575,71.5382165326463,1.2939987824392813,8.459536719674496,0.0030345573802358678,1.9389194660860298,0.0007098649283723955,56.32590913198553,0.31920252189393833,55.01718183568468,0.2553182476239681,67.14902162416227,1.0115340168457903,0.02544640109792109,1.536674587978396,0.0012285183937866993,1.564925088082717,0.0001937701866038871
1318.16825856,1.609185369035139,1306.700883510844,1.0520543685566281,211.53365686213672,72.20708438019138,1.2426726199902483,6.5046892389970665,-0.0014131946536667084,0.5785310816973528,0.00043470468961666396,56.32590913198553,0.31920252189393833,55.01718183568468,0.2553182476239681,67.14902162416227,1.0115340168457903,0.02544640109792109,1.536674587978396,0.0012285183937866993,1.564925088082717,0.0001937701866038871
1425.31211637,1.9560331222879186,1344.9595914181148,1.9012929992164114,301.701588707939,70.27834092564552,1.231371183007907,7.546912814701826,0.0022496358682640993,1.0135931602624004,0.00042804307550581527,56.32590913198553,0.31920252189393833,55.01718183568468,0.2553182476239681,67.14902162416227,1.0115340168457903,0.02544640109792109,1.536674587978396,0.0012285183937866993,1.564925088082717,0.0001937701866038871
1529.0410305,1.755856906256811,1313.4809076969427,1.7182503895684558,471.77146211975526,72.96593544004945,1.3148110570275897,5.841740517501291,0.0022611354953858496,1.8695056233035638,0.0008937483385700279,56.32590913198553,0.31920252189393833,55.01718183568468,0.2553182476239681,67.14902162416227,1.0115340168457903,0.02544640109792109,1.536674587978396,0.0012285183937866993,1.564925088082717,0.0001937701866038871
1211.87813668,1.896244089865848,1375.5907721160247,1.8456674393412198,351.5812761216438,72.57201948720022,1.2736467398313527,5.634972125078083,0.006880011762890746,6.028581122054921,0.001340836605007725,56.32590913198553,0.31920252189393833,55.01718183568468,0.2553182476239681,67.14902162416227,1.0115340168457903,0.02544640109792109,1.536674587978396,0.0012285183937866993,1.564925088082717,0.0001937701866038871
1553.37250418,1.4498334422420216,1439.153498860699,1.3576581115168758,324.6120618847749,69.74898101436926,1.266303079022783,5.727845318636197,0.0034645299936775444,3.1072244654819925,0.000789156928741333,56.32590913198553,0.31920252189393833,55.01718183568468,0.2553182476239681,67.14902162416227,1.0115340168457903,0.02544640109792109,1.536674587978396,0.0012285183937866993,1.564925088082717,0.0001937701866038871
1333.5355051,1.728585296098954,1399.6840723487678,1.3701597588716208,233.15648546708604,71.42198052842677,1.204506227437364,5.575517679300478,0.0019286754246751975,1.6994934852152421,0.0005806550125046921,56.32590913198553,0.31920252189393833,55.01718183568468,0.2553182476239681,67.14902162416227,1.0115340168457903,0.02544640109792109,1.536674587978396,0.0012285183937866993,1.564925088082717,0.0001937701866038871
1397.99256697,1.3900702127396265,1429.7098937443475,0.9815694766260162,223.75699634597737,71.52589393485961,1.2181764383354623,6.572227315699933,0.0044788487813843,4.039180375573894,0.0008067148386672109,56.32590913198553,0.31920252189393833,55.01718183568468,0.2553182476239681,67.14902162416227,1.0115340168457903,0.02544640109792109,1.536674587978396,0.0012285183937866993,1.564925088082717,0.0001937701866038871
1302.80101203,1.3843382625160348,1385.6397365347066,1.174464847704434,251.40276225363078,71.89592440937801,1.270131831955145,3.761086608566288,0.0025324428740240395,3.2211835928481403,0.0007549360338117444,56.32590913198553,0.31920252189393833,55.01718183568468,0.2553182476239681,67.14902162416227,1.0115340168457903,0.02544640109792109,1.536674587978396,0.0012285183937866993,1.564925088082717,0.0001937701866038871
1300.23980427,1.5542468952544426,1332.489189790112,1.0993515089038026,255.57874968976026,70.65004133870528,1.2924493415561324,5.796343570343218,0.002456064003682482,2.267745531525751,0.0007172485491154385,56.32590913198553,0.31920252189393833,55.01718183568468,0.2553182476239681,67.14902162416227,1.0115340168457903,0.02544640109792109,1.536674587978396,0.0012285183937866993,1.564925088082717,0.0001937701866038871
1388.60147186,1.7105213412451308,1399.563000488302,1.6302673433542747,264.0077284047764,71.62325874151207,1.2654482145189276,10.66224195548258,0.0068331275559216816,3.4936806363788837,0.0007478817945834105,56.32590913198553,0.31920252189393833,55.01718183568468,0.2553182476239681,67.14902162416227,1.0115340168457903,0.02544640109792109,1.536674587978396,0.0012285183937866993,1.564925088082717,0.0001937701866038871
1303.22787999,2.2426551854649186,1324.4984469993528,2.0143801491680584,308.6689873931881,70.55031263609911,1.2895909762844509,-56.546150632143004,0.001942294082396775,63.80386403826587,0.0018861515125188153,56.32590913198553,0.31920252189393833,55.01718183568468,0.2553182476239681,67.14902162416227,1.0115340168457903,0.02544640109792109,1.536674587978396,0.0012285183937866993,1.564925088082717,0.0001937701866038871
1318.59512652,2.064866016593363,1383.5815149067835,1.646886294745112,256.31822403555236,70.33510714580825,1.2432041541427028,7.222272727052985,0.007250716141850969,4.7924183454100495,0.0011410350409804223,56.32590913198553,0.31920252189393833,55.01718183568468,0.2553182476239681,67.14902162416227,1.0115340168457903,0.02544640109792109,1.536674587978396,0.0012285183937866993,1.564925088082717,0.0001937701866038871
1316.88765469,2.1033405588519436,1367.1157418834014,1.6169408260858507,286.7905935429984,71.06364711003862,1.2792753687778182,23.17395262167585,-2.055692262845258,5.86451780747533,0.001400808044084677,56.32590913198553,0.31920252189393833,55.01718183568468,0.2553182476239681,67.14902162416227,1.0115340168457903,0.02544640109792109,1.536674587978396,0.0012285183937866993,1.564925088082717,0.0001937701866038871
1368.96554573,1.8961008964448798,1371.958616302043,1.3397074686034283,202.93240978441943,70.71295774942529,1.29175860188995,4.766017968345256,0.004873019960934396,4.438607940831207,0.001029720477239252,56.32590913198553,0.31920252189393833,55.01718183568468,0.2553182476239681,67.14902162416227,1.0115340168457903,0.02544640109792109,1.536674587978396,0.0012285183937866993,1.564925088082717,0.0001937701866038871
1288.71436937,1.5446132407720672,1377.8911374648794,1.185829241974288,248.68273481494043,72.07563400670553,1.2395541267947687,5.217920159266904,0.0015967824367201522,1.3343245023708803,0.0005413376139928582,56.32590913198553,0.31920252189393833,55.01718183568468,0.2553182476239681,67.14902162416227,1.0115340168457903,0.02544640109792109,1.536674587978396,0.0012285183937866993,1.564925088082717,0.0001937701866038871
1362.56252634,1.3763672798733082,1372.6850474648395,1.198045811445163,262.68883319794304,71.61047892296843,1.2752632669926578,5.300620966694155,0.0017859534291186651,1.3839205745968062,0.0005508143616584257,56.32590913198553,0.31920252189393833,55.01718183568468,0.2553182476239681,67.14902162416227,1.0115340168457903,0.02544640109792109,1.536674587978396,0.0012285183937866993,1.564925088082717,0.0001937701866038871
1215.71994831,2.085981048355447,1262.8728700221352,1.4804053462138125,307.6007527479238,73.42838277122178,1.2280011415930556,7.240073859592856,0.0019216695221852534,0.6554936878846094,0.00046123490458083486,56.32590913198553,0.31920252189393833,55.01718183568468,0.2553182476239681,67.14902162416227,1.0115340168457903,0.02544640109792109,1.536674587978396,0.0012285183937866993,1.564925088082717,0.0001937701866038871
1263.52915976,1.4250949804606816,1362.8782267670897,1.1858463337479972,290.5825957359263,70.5913249844197,1.2667382496927302,7.472482773069814,0.003280902542311248,2.5374354284228917,0.0007260980353840574,56.32590913198553,0.31920252189393833,55.01718183568468,0.2553182476239681,67.14902162416227,1.0115340168457903,0.02544640109792109,1.536674587978396,0.0012285183937866993,1.564925088082717,0.0001937701866038871
1272.06651895,2.068541418532811,1319.776644441177,1.3901891526918357,264.6424884322901,70.43376358598333,1.2778395478596987,3.4539238288759275,0.0037872113352077786,3.7657082634299606,0.001120527932168747,56.32590913198553,0.31920252189393833,55.01718183568468,0.2553182476239681,67.14902162416227,1.0115340168457903,0.02544640109792109,1.536674587978396,0.0012285183937866993,1.564925088082717,0.0001937701866038871
1339.51165653,1.5928266773844433,1381.5232932788608,1.2434940547862512,278.2766663347161,72.89768529970037,1.2768707999343942,4.048173581778673,-0.0017024113261754144,1.728923954858302,0.0006490804434755868,56.32590913198553,0.31920252189393833,55.01718183568468,0.2553182476239681,67.14902162416227,1.0115340168457903,0.02544640109792109,1.536674587978396,0.0012285183937866993,1.564925088082717,0.0001937701866038871
1336.95044878,2.222672143526692,1354.6453402553984,1.7291003146844766,248.19762675310253,70.7288525506534,1.2553618634932944,6.987688430115001,0.006113953179177003,4.598558952382106,0.0011214057698495507,56.32590913198553,0.31920252189393833,55.01718183568468,0.2553182476239681,67.14902162416227,1.0115340168457903,0.02544640109792109,1.536674587978396,0.0012285183937866993,1.564925088082717,0.0001937701866038871
1351.4639594,1.315634498960188,1431.1627560699399,1.103125581551233,250.38543156177545,71.01334325617408,1.2588694772189444,5.3433899055100955,0.0029458650596011853,2.727975597155379,0.0006720127616937452,56.32590913198553,0.31920252189393833,55.01718183568468,0.2553182476239681,67.14902162416227,1.0115340168457903,0.02544640109792109,1.536674587978396,0.0012285183937866993,1.564925088082717,0.0001937701866038871
1348.04901572,1.6704398541126162,1335.5159863017632,1.3409044841327438,301.04497157862613,71.21719335657133,1.2787353644452915,5.097400856665685,-0.0015387935311065072,1.1402810716364968,0.0005662822669232726,56.32590913198553,0.31920252189393833,55.01718183568468,0.2553182476239681,67.14902162416227,1.0115340168457903,0.02544640109792109,1.536674587978396,0.0012285183937866993,1.564925088082717,0.0001937701866038871
1315.60705081,1.796837770840424,1362.3939393252253,1.2539758524582312,287.261060204845,71.17015935733498,1.2482453126180855,8.068076559939565,0.004442123423088561,3.275407395655599,0.0009473185647430319,56.32590913198553,0.31920252189393833,55.01718183568468,0.2553182476239681,67.14902162416227,1.0115340168457903,0.02544640109792109,1.536674587978396,0.0012285183937866993,1.564925088082717,0.0001937701866038871
1305.36221978,1.879310349324917,1321.9559379295658,1.5122885567138402,327.5951886244976,70.72022009904656,1.2436275716494256,2.4498553744485534,47.66692485608354,5.735266641431587,0.0013804454567613693,56.32590913198553,0.31920252189393833,55.01718183568468,0.2553182476239681,67.14902162416227,1.0115340168457903,0.02544640109792109,1.536674587978396,0.0012285183937866993,1.564925088082717,0.0001937701866038871
1280.60387814,1.5674236682721367,1260.9357202546785,1.5188336064166932,383.9281517989912,71.46931308539776,1.2343347348297253,6.030178519237215,0.0016020984270629407,0.6231219140810342,0.00036425067255877873,56.32590913198553,0.31920252189393833,55.01718183568468,0.2553182476239681,67.14902162416227,1.0115340168457903,0.02544640109792109,1.536674587978396,0.0012285183937866993,1.564925088082717,0.0001937701866038871
1411.65234167,1.6100930407396559,1340.9642200227352,1.291662904811585,291.16296747412235,70.90757326010814,1.2581027318419995,5.936568293965736,0.002205131832333561,1.852000454624761,0.0007534884634460838,56.32590913198553,0.31920252189393833,55.01718183568468,0.2553182476239681,67.14902162416227,1.0115340168457903,0.02544640109792109,1.536674587978396,0.0012285183937866993,1.564925088082717,0.0001937701866038871
1316.03391877,1.0447207456422931,1334.4263395575688,0.7802108027332313,257.122321370356,70.84302765350874,1.2168505359239155,4.5566053569937575,0.0023563500846410235,2.9906785530845434,0.0006845300468216002,56.32590913198553,0.31920252189393833,55.01718183568468,0.2553182476239681,67.14902162416227,1.0115340168457903,0.02544640109792109,1.536674587978396,0.0012285183937866993,1.564925088082717,0.0001937701866038871
1526.9066907,1.2233482820828163,1455.134984442217,0.742901763284467,175.49348509480387,70.24978279764717,1.2449094492408228,5.448935167694773,0.002007358990454762,1.9253641615026236,0.0006617203766493898,56.32590913198553,0.31920252189393833,55.01718183568468,0.2553182476239681,67.14902162416227,1.0115340168457903,0.02544640109792109,1.536674587978396,0.0012285183937866993,1.564925088082717,0.0001937701866038871
1255.41866854,1.196685178000576,1341.6906511855316,1.1081437059205748,365.6287600295262,72.61863337453146,1.2378902068979196,6.172135348603678,0.0034554480578255983,2.6372955705063394,0.0007214922493724044,56.32590913198553,0.31920252189393833,55.01718183568468,0.2553182476239681,67.14902162416227,1.0115340168457903,0.02544640109792109,1.536674587978396,0.0012285183937866993,1.564925088082717,0.0001937701866038871
1238.77081812,2.0835386617682063,1259.36178606862,1.4022962693440768,249.38653397818558,70.19839428565838,1.202804615786934,6.989732465702494,0.0016602341711336327,0.5472749858784157,0.00034408139193309534,56.32590913198553,0.31920252189393833,55.01718183568468,0.2553182476239681,67.14902162416227,1.0115340168457903,0.02544640109792109,1.536674587978396,0.0012285183937866993,1.564925088082717,0.0001937701866038871
1336.52358082,1.9312667862259985,1359.2460709531083,1.5307106706182185,220.75689242883539,71.78128568363495,1.2550371931968327,0.5717054177414759,-0.0004670018172969644,6.502711606852682,0.0016242799423105039,56.32590913198553,0.31920252189393833,55.01718183568468,0.2553182476239681,67.14902162416227,1.0115340168457903,0.02544640109792109,1.536674587978396,0.0012285183937866993,1.564925088082717,0.0001937701866038871
1339.08478857,1.1912213428422174,1398.3522818836414,0.9411287370148755,210.6004006333228,70.90910518091425,1.2905420835104116,6.286739756964662,0.0027306898130380884,2.404630288615462,0.0006460272871383372,56.32590913198553,0.31920252189393833,55.01718183568468,0.2553182476239681,67.14902162416227,1.0115340168457903,0.02544640109792109,1.536674587978396,0.0012285183937866993,1.564925088082717,0.0001937701866038871
1386.04026411,1.459009617279949,1337.2109923482878,1.0430383684206022,216.62996308849432,70.36772177163384,1.2640772089746983,4.716187088180932,0.0022183091453417654,2.3838474884620595,0.0006938475784560781,56.32590913198553,0.31920252189393833,55.01718183568468,0.2553182476239681,67.14902162416227,1.0115340168457903,0.02544640109792109,1.536674587978396,0.0012285183937866993,1.564925088082717,0.0001937701866038871
1344.20720409,1.4004664053231326,1399.3208567673696,1.4222744216506875,278.479993026826,69.12901249151294,1.2450525347031154,5.289206634730332,0.0030545520926099847,2.8329417176653706,0.0006702455717576667,56.32590913198553,0.31920252189393833,55.01718183568468,0.2553182476239681,67.14902162416227,1.0115340168457903,0.02544640109792109,1.536674587978396,0.0012285183937866993,1.564925088082717,0.0001937701866038871
1209.74379688,1.952025062994733,1344.7174476971827,1.8039428010014067,309.1613194271133,70.94565083525505,1.258693631187943,7.3342089481697155,0.0019275832388082879,0.7480514873744293,0.0004941346220219408,56.32590913198553,0.31920252189393833,55.01718183568468,0.2553182476239681,67.14902162416227,1.0115340168457903,0.02544640109792109,1.536674587978396,0.0012285183937866993,1.564925088082717,0.0001937701866038871
1348.04901572,1.2761839810557842,1377.8911374648794,0.9945712878232307,205.55458731232275,71.84334465385659,1.2718755079281587,5.482989829779021,0.0030585210956474186,2.9734256416844884,0.000731457412918783,56.32590913198553,0.31920252189393833,55.01718183568468,0.2553182476239681,67.14902162416227,1.0115340168457903,0.02544640109792109,1.536674587978396,0.0012285183937866993,1.564925088082717,0.0001937701866038871
1293.83678488,1.5220669573355674,1363.967873511284,1.16026441759191,234.2114351252956,68.92473436050356,1.2103255591988604,4.829124284229176,0.0018198691785950515,1.6161894138935395,0.0005282244532534846,56.32590913198553,0.31920252189393833,55.01718183568468,0.2553182476239681,67.14902162416227,1.0115340168457903,0.02544640109792109,1.536674587978396,0.0012285183937866993,1.564925088082717,0.0001937701866038871
1116.68658174,1.2044876344937618,1354.5242683949323,1.1636629748855984,503.001548684958,71.27224394066197,1.2315382135272654,5.309906619688815,0.0019160108720075943,1.6248071644847457,0.0006221173760174013,56.32590913198553,0.31920252189393833,55.01718183568468,0.2553182476239681,67.14902162416227,1.0115340168457903,0.02544640109792109,1.536674587978396,0.0012285183937866993,1.564925088082717,0.0001937701866038871
1276.7620665,1.6128442138581374,1323.8930876970226,1.2948727216943152,297.071001573242,70.80050210917051,1.2699234604053036,6.112798033431371,0.0024209590575144943,1.7992453425842514,0.0006498879676654019,56.32590913198553,0.31920252189393833,55.01718183568468,0.2553182476239681,67.14902162416227,1.0115340168457903,0.02544640109792109,1.536674587978396,0.0012285183937866993,1.564925088082717,0.0001937701866038871
1285.72629365,1.841976173716585,1364.3310890926823,1.1803398407858645,308.9638533136014,70.31576239276163,1.2633800323289508,1166918.6536823632,0.20534866493179485,5.366551290217013,0.0013700069923759212,56.32590913198553,0.31920252189393833,55.01718183568468,0.2553182476239681,67.14902162416227,1.0115340168457903,0.02544640109792109,1.536674587978396,0.0012285183937866993,1.564925088082717,0.0001937701866038871
1240.90515792,1.9822904318517138,1362.6360830461576,1.6081095897634943,296.0653519074493,72.64276575397628,1.2599895147204583,12987070.312204415,0.4253960133885322,5.872999004453482,0.0012732332562077617,56.32590913198553,0.31920252189393833,55.01718183568468,0.2553182476239681,67.14902162416227,1.0115340168457903,0.02544640109792109,1.536674587978396,0.0012285183937866993,1.564925088082717,0.0001937701866038871
1312.61897509,2.001678807669667,1386.4872395579687,1.4676558712895695,229.14274797508833,71.09295981006585,1.2910993754037021,9423573.613693047,0.3550053128095277,5.800478726801805,0.001310726236769884,56.32590913198553,0.31920252189393833,55.01718183568468,0.2553182476239681,67.14902162416227,1.0115340168457903,0.02544640109792109,1.536674587978396,0.0012285183937866993,1.564925088082717,0.0001937701866038871
1257.55300833,1.96533005990923,1282.7286551385669,1.1605712765185991,238.3322618824651,69.98544429814132,1.3402200281672485,4.810877409965881,0.0063008785826223525,6.445753147808304,0.0015166966268438848,56.32590913198553,0.31920252189393833,55.01718183568468,0.2553182476239681,67.14902162416227,1.0115340168457903,0.02544640109792109,1.536674587978396,0.0012285183937866993,1.564925088082717,0.0001937701866038871
1275.05459467,1.1875872431553853,1420.75057606986,1.0964783374710019,316.8880117773474,71.17617556131773,1.23323767653508,4.325813150001701,0.0018203904620611813,2.1347200880459107,0.0006110731822099612,56.32590913198553,0.31920252189393833,55.01718183568468,0.2553182476239681,67.14902162416227,1.0115340168457903,0.02544640109792109,1.536674587978396,0.0012285183937866993,1.564925088082717,0.0001937701866038871
1244.74696955,1.4852741301330763,1343.022441650658,0.8732212700677277,245.55701807381138,73.38502035097073,1.2274079053821958,6.499933964078639,0.002048275258095643,1.6856232314095312,0.0006765079649290385,56.32590913198553,0.31920252189393833,55.01718183568468,0.2553182476239681,67.14902162416227,1.0115340168457903,0.02544640109792109,1.536674587978396,0.0012285183937866993,1.564925088082717,0.0001937701866038871
1304.50848386,1.1121809517383086,1384.550089790512,1.1017707968718933,270.88882733277626,70.53245700775226,1.2180065445440236,6.97106056465651,0.0038903994408750315,3.101311271527435,0.0006852857484682262,56.32590913198553,0.31920252189393833,55.01718183568468,0.2553182476239681,67.14902162416227,1.0115340168457903,0.02544640109792109,1.536674587978396,0.0012285183937866993,1.564925088082717,0.0001937701866038871
1174.74062421,1.8301991272882714,1305.9744523480476,1.5699866068885684,362.25562320618394,71.14381779784945,1.2615378672852726,6.035064533733605,0.0018430157862655047,0.9404500784176806,0.0005302463601545251,56.32590913198553,0.31920252189393833,55.01718183568468,0.2553182476239681,67.14902162416227,1.0115340168457903,0.02544640109792109,1.536674587978396,0.0012285183937866993,1.564925088082717,0.0001937701866038871
1222.1229677,1.8424133746848317,1251.734258859259,1.1213126784835117,231.19418288264913,72.5720496235959,1.2461725329146203,7.611324753949999,0.002015136132962756,0.6983470939526216,0.0004289992665198408,56.32590913198553,0.31920252189393833,55.01718183568468,0.2553182476239681,67.14902162416227,1.0115340168457903,0.02544640109792109,1.536674587978396,0.0012285183937866993,1.564925088082717,0.0001937701866038871
1331.40116531,1.6615488083824599,1303.4319432782609,1.5453568022976247,305.62320957506216,72.49231823011695,1.2490765350491415,5.955157028335856,0.002247845251977039,1.5602793062340765,0.0006346060885900815,56.32590913198553,0.31920252189393833,55.01718183568468,0.2553182476239681,67.14902162416227,1.0115340168457903,0.02544640109792109,1.536674587978396,0.0012285183937866993,1.564925088082717,0.0001937701866038871
1272.49338691,1.5753582861369484,1376.1961314183548,1.3981227820862983,316.2920524296079,72.07062157171208,1.2422123753957461,4.439703663458112,-0.0019389650876361871,1.8823724630580956,0.0007178285394183323,56.32590913198553,0.31920252189393833,55.01718183568468,0.2553182476239681,67.14902162416227,1.0115340168457903,0.02544640109792109,1.536674587978396,0.0012285183937866993,1.564925088082717,0.0001937701866038871
1259.68734813,1.8344904881876385,1299.073356301483,1.2671581637263025,293.58835867733154,72.1515203230148,1.2704203914839212,65.7275999674038,0.02133768930117457,6.282494414266903,0.001350091062566968,56.32590913198553,0.31920252189393833,55.01718183568468,0.2553182476239681,67.14902162416227,1.0115340168457903,0.02544640109792109,1.536674587978396,0.0012285183937866993,1.564925088082717,0.0001937701866038871
1415.4941533,1.6193874440994358,1260.0882172314161,1.628830922674628,392.14063761130467,70.1385196857773,1.2511369942815385,8.527213624414953,0.0023554947486077306,0.7946623976523604,0.00041078651004510045,56.32590913198553,0.31920252189393833,55.01718183568468,0.2553182476239681,67.14902162416227,1.0115340168457903,0.02544640109792109,1.536674587978396,0.0012285183937866993,1.564925088082717,0.0001937701866038871
1326.27874979,2.06182569652616,1350.1656814181547,1.3147027096550286,247.32244347283782,71.38798213673012,1.2375143032486149,30496.254474315712,0.10432759192825108,6.4995365258064774,0.0014373245848869798,56.32590913198553,0.31920252189393833,55.01718183568468,0.2553182476239681,67.14902162416227,1.0115340168457903,0.02544640109792109,1.536674587978396,0.0012285183937866993,1.564925088082717,0.0001937701866038871
1287.86063345,1.5112554554802689,1323.2877283946923,1.4301153400826314,365.83203409388244,70.95280830766154,1.2249771535658396,7.348181601366915,0.001707082447075812,0.604485689438384,0.00032441829731030364,56.32590913198553,0.31920252189393833,55.01718183568468,0.2553182476239681,67.14902162416227,1.0115340168457903,0.02544640109792109,1.536674587978396,0.0012285183937866993,1.564925088082717,0.0001937701866038871
1559.34865561,1.2579207581349798,1450.6553256049733,1.1937997503526767,351.2645453321697,72.35075002013721,1.256336278522185,5.766542072379568,0.0024434605925102337,2.129573827670862,0.0006457458923812823,56.32590913198553,0.31920252189393833,55.01718183568468,0.2553182476239681,67.14902162416227,1.0115340168457903,0.02544640109792109,1.536674587978396,0.0012285183937866993,1.564925088082717,0.0001937701866038871
1300.66667223,2.479221545272522,1315.6602011853315,1.6250391029853084,191.54403132043677,68.53506864512111,1.2674090123609587,5985628.18290014,0.3176765230283424,6.392175623268052,0.0014802885514346058,56.32590913198553,0.31920252189393833,55.01718183568468,0.2553182476239681,67.14902162416227,1.0115340168457903,0.02544640109792109,1.536674587978396,0.0012285183937866993,1.564925088082717,0.0001937701866038871
1337.37731674,1.3441848050205683,1385.2765209533081,1.007911410904089,266.0976633827009,71.63858044672227,1.257893061200126,6.163762997755815,0.0024191549281160005,2.0223258423251655,0.0006745403284898324,56.32590913198553,0.31920252189393833,55.01718183568468,0.2553182476239681,67.14902162416227,1.0115340168457903,0.02544640109792109,1.536674587978396,0.0012285183937866993,1.564925088082717,0.0001937701866038871
1334.38924102,1.7020299113702926,1320.8662911853714,1.1049054564732093,219.89228032961435,70.1696517534295,1.2649630447149751,6.687670451438221,0.0020230681902293555,1.5796857506840025,0.0006741378850399964,56.32590913198553,0.31920252189393833,55.01718183568468,0.2553182476239681,67.14902162416227,1.0115340168457903,0.02544640109792109,1.536674587978396,0.0012285183937866993,1.564925088082717,0.0001937701866038871
1299.81293631,2.53299385148423,1337.695279790152,1.9801010269854424,266.5249186717244,71.50896772935937,1.2832809703688095,9.747896076051083,-4.6055704772057915,7.3540419914760164,0.0015554734412580845,56.32590913198553,0.31920252189393833,55.01718183568468,0.2553182476239681,67.14902162416227,1.0115340168457903,0.02544640109792109,1.536674587978396,0.0012285183937866993,1.564925088082717,0.0001937701866038871
1271.21278303,1.919115247001639,1285.1500923478877,1.1792863100246218,236.20740045556775,70.78659777293414,1.2521574025537368,0.5946568723074441,19.133674892384565,6.326647556893081,0.0013901025974204187,56.32590913198553,0.31920252189393833,55.01718183568468,0.2553182476239681,67.14902162416227,1.0115340168457903,0.02544640109792109,1.536674587978396,0.0012285183937866993,1.564925088082717,0.0001937701866038871
1269.07844324,1.3973522723542224,1374.258981650898,1.1940766256639257,323.05539006376586,72.90863147770045,1.2644574805073077,5.899603348039451,0.0019461344193284428,1.917060818313516,0.0007290452361108105,56.32590913198553,0.31920252189393833,55.01718183568468,0.2553182476239681,67.14902162416227,1.0115340168457903,0.02544640109792109,1.536674587978396,0.0012285183937866993,1.564925088082717,0.0001937701866038871
1277.18893446,1.2586706053301424,1398.9576411859716,0.9694660726894336,251.86301609290686,71.32157774138825,1.2848145272467277,7.645152101073892,0.0035882694610026417,3.2754535011088413,0.0007955923210866327,56.32590913198553,0.31920252189393833,55.01718183568468,0.2553182476239681,67.14902162416227,1.0115340168457903,0.02544640109792109,1.536674587978396,0.0012285183937866993,1.564925088082717,0.0001937701866038871
1302.37414407,1.60876309281611,1314.3284107202048,1.2351040914306655,308.87780139289936,69.96379284747935,1.2593367206368016,6.674732105455693,0.0033052827734380316,3.126136986459049,0.0008524174441021944,56.32590913198553,0.31920252189393833,55.01718183568468,0.2553182476239681,67.14902162416227,1.0115340168457903,0.02544640109792109,1.536674587978396,0.0012285183937866993,1.564925088082717,0.0001937701866038871
1550.81129643,1.432477885066616,1502.2319381635093,1.3519725718221238,254.44028644205883,71.01046580263201,1.2233743820593406,4.947356562610358,0.0018637073553851027,2.314561445770035,0.0006572587242483218,56.32590913198553,0.31920252189393833,55.01718183568468,0.2553182476239681,67.14902162416227,1.0115340168457903,0.02544640109792109,1.536674587978396,0.0012285183937866993,1.564925088082717,0.0001937701866038871
1306.2159557,2.436313344932797,1363.967873511284,1.978009039140155,312.02955686550507,70.83400514868927,1.2509260369337725,-0.5439166783225717,-4.456724384898037,5.845676861804279,0.0013480574650375898,56.32590913198553,0.31920252189393833,55.01718183568468,0.2553182476239681,67.14902162416227,1.0115340168457903,0.02544640109792109,1.536674587978396,0.0012285183937866993,1.564925088082717,0.0001937701866038871
1597.76677196,1.5033706763319767,1409.7330367674497,1.5527954730280136,390.4646428442964,72.79860255578726,1.2570965719811829,2908843.5683412435,-0.23277939283097962,3.9204123713921404,0.0009648987245936285,56.32590913198553,0.31920252189393833,55.01718183568468,0.2553182476239681,67.14902162416227,1.0115340168457903,0.02544640109792109,1.536674587978396,0.0012285183937866993,1.564925088082717,0.0001937701866038871
1337.37731674,1.9914934410925809,1322.198081650498,1.5845131632453517,223.57466802541356,70.35836785693964,1.251384453749578,5.690977198819698,-0.0016245257188323814,0.9161198443750647,0.0005201210561881571,56.32590913198553,0.31920252189393833,55.01718183568468,0.2553182476239681,67.14902162416227,1.0115340168457903,0.02544640109792109,1.536674587978396,0.0012285183937866993,1.564925088082717,0.0001937701866038871
1298.95920039,1.2910871677815634,1341.5695793250654,1.074030696923005,218.7374531241032,70.31924485689169,1.2380902727794714,4.386679221536979,0.0023531346763019045,2.606759389693006,0.00068807409963179,56.32590913198553,0.31920252189393833,55.01718183568468,0.2553182476239681,67.14902162416227,1.0115340168457903,0.02544640109792109,1.536674587978396,0.0012285183937866993,1.564925088082717,0.0001937701866038871
1254.99180058,1.6202371451799644,1369.9003946741204,1.623152221917607,393.4300814284567,74.05749644265852,1.29092810617359,100302.89255192499,-0.24380686124591794,5.952449004804561,0.0012939251478911828,56.32590913198553,0.31920252189393833,55.01718183568468,0.2553182476239681,67.14902162416227,1.0115340168457903,0.02544640109792109,1.536674587978396,0.0012285183937866993,1.564925088082717,0.0001937701866038871
1307.06969162,1.3077005573973306,1369.173963511324,1.2534080973092065,312.2803949203004,70.4653148836778,1.2584814279858536,4.559427024764306,0.0033796537518314537,2.9227891832873363,0.0007007624309365333,56.32590913198553,0.31920252189393833,55.01718183568468,0.2553182476239681,67.14902162416227,1.0115340168457903,0.02544640109792109,1.536674587978396,0.0012285183937866993,1.564925088082717,0.0001937701866038871
1326.27874979,1.781064188376392,1378.2543530462776,1.7034746570737882,356.4230650855888,69.9084815304754,1.2937842668131174,10.039288818282236,0.0057798448283309534,4.547838003989649,0.001202944529893482,56.32590913198553,0.31920252189393833,55.01718183568468,0.2553182476239681,67.14902162416227,1.0115340168457903,0.02544640109792109,1.536674587978396,0.0012285183937866993,1.564925088082717,0.0001937701866038871
1276.33519855,1.0687331236804196,1449.9288944421771,1.1403384142475879,280.57704863262376,72.4569157453538,1.2343311939904458,5.792527881050355,0.004105097794032884,4.021567970564593,0.0008126491909700101,56.32590913198553,0.31920252189393833,55.01718183568468,0.2553182476239681,67.14902162416227,1.0115340168457903,0.02544640109792109,1.536674587978396,0.0012285183937866993,1.564925088082717,0.0001937701866038871
1225.53791138,2.3741810510901997,1258.3932111848915,1.7423636258285131,227.70510253087468,70.54717796866046,1.2725210435782213,-2.941312899223022,0.003284747867004895,8.71970837846537,0.0015553281215718682,56.32590913198553,0.31920252189393833,55.01718183568468,0.2553182476239681,67.14902162416227,1.0115340168457903,0.02544640109792109,1.536674587978396,0.0012285183937866993,1.564925088082717,0.0001937701866038871
1300.23980427,1.5822491718240501,1296.046559789832,0.8760009845999167,164.03693608337278,71.80920972216649,1.2964996695399604,5.382730862740241,0.0018469270029466767,1.5735340710881283,0.0006651560806985792,56.32590913198553,0.31920252189393833,55.01718183568468,0.2553182476239681,67.14902162416227,1.0115340168457903,0.02544640109792109,1.536674587978396,0.0012285183937866993,1.564925088082717,0.0001937701866038871
1356.58637491,1.660659577204214,1404.8901623488077,1.2934483660286413,229.36187080131924,72.956899093589,1.2178042628812507,6.180524859094025,0.001948568430556445,1.3735275955714947,0.000499921134064177,56.32590913198553,0.31920252189393833,55.01718183568468,0.2553182476239681,67.14902162416227,1.0115340168457903,0.02544640109792109,1.536674587978396,0.0012285183937866993,1.564925088082717,0.0001937701866038871
1312.19210713,1.1756916016696497,1457.7985653724702,1.1878306880716383,325.5718347884429,71.62915837092797,1.2557771051381585,5.982910918801482,0.0029610450759572763,2.7736439423828245,0.0007311562810141586,56.32590913198553,0.31920252189393833,55.01718183568468,0.2553182476239681,67.14902162416227,1.0115340168457903,0.02544640109792109,1.536674587978396,0.0012285183937866993,1.564925088082717,0.0001937701866038871
1238.77081812,1.3084068896086558,1378.7386404881418,1.3019305040727516,391.78587260990344,72.80125704393383,1.2462159719448096,4.5922709449783685,-0.001939647018282704,1.9905500647099017,0.000654234953200148,56.32590913198553,0.31920252189393833,55.01718183568468,0.2553182476239681,67.14902162416227,1.0115340168457903,0.02544640109792109,1.536674587978396,0.0012285183937866993,1.564925088082717,0.0001937701866038871
1381.34471655,1.6904843323917822,1366.7525263020032,1.458227716471564,269.0884312030587,72.42571488570061,1.2477270797379492,5.470690510677107,0.0020546622404581643,1.3006390953855793,0.0005582414584856249,56.32590913198553,0.31920252189393833,55.01718183568468,0.2553182476239681,67.14902162416227,1.0115340168457903,0.02544640109792109,1.536674587978396,0.0012285183937866993,1.564925088082717,0.0001937701866038871
1211.87813668,1.608784483253094,1315.4180574643995,1.534249895580056,399.04133905656624,73.53662032901059,1.240551325212055,7.679533055454681,0.002604662989223488,1.4040060089792563,0.0005674513749205894,56.32590913198553,0.31920252189393833,55.01718183568468,0.2553182476239681,67.14902162416227,1.0115340168457903,0.02544640109792109,1.536674587978396,0.0012285183937866993,1.564925088082717,0.0001937701866038871
1570.0203546,0.9526754439218297,1442.0592235118843,0.9304116778538232,302.81966087670236,71.14373367313291,1.2364311532684293,9.394342249665922,0.005568982907996767,3.4081749319184813,0.0007204241826575424,56.32590913198553,0.31920252189393833,55.01718183568468,0.2553182476239681,67.14902162416227,1.0115340168457903,0.02544640109792109,1.536674587978396,0.0012285183937866993,1.564925088082717,0.0001937701866038871
1324.99814591,1.6176855701937671,1430.3152530466778,1.5900241478360968,389.0620790921342,71.73727959400344,1.2558364955742027,9.26726239769742,0.004413967929522064,4.007539524136253,0.0009512871700127264,56.32590913198553,0.31920252189393833,55.01718183568468,0.2553182476239681,67.14902162416227,1.0115340168457903,0.02544640109792109,1.536674587978396,0.0012285183937866993,1.564925088082717,0.0001937701866038871
1211.87813668,2.076997043236278,1348.349603511164,1.7299295849627894,394.6792025838896,72.0445145757301,1.279253813376668,249224.77006537013,0.13405439593826046,6.729501245219715,0.001471058362116825,56.32590913198553,0.31920252189393833,55.01718183568468,0.2553182476239681,67.14902162416227,1.0115340168457903,0.02544640109792109,1.536674587978396,0.0012285183937866993,1.564925088082717,0.0001937701866038871
1288.71436937,1.41466247567791,1448.4760321165845,1.4208684803044576,383.90552007222647,70.39477126246526,1.3163774759540747,199939.70509353187,0.1205302734794065,5.349756750651036,0.0011501478063382696,56.32590913198553,0.31920252189393833,55.01718183568468,0.2553182476239681,67.14902162416227,1.0115340168457903,0.02544640109792109,1.536674587978396,0.0012285183937866993,1.564925088082717,0.0001937701866038871
1491.90351803,1.4986589769384273,1391.6933295580088,1.0578638107567344,240.6206568027393,70.24777630799277,1.2290104451840203,7.747689565684484,0.0027335620628455184,1.644541305212156,0.0006185232060203713,56.32590913198553,0.31920252189393833,55.01718183568468,0.2553182476239681,67.14902162416227,1.0115340168457903,0.02544640109792109,1.536674587978396,0.0012285183937866993,1.564925088082717,0.0001937701866038871
1251.14998894,2.273970834210868,1294.3515537433072,1.5188444243003845,220.1013034807519,72.0000836828398,1.2554391640477982,6.581938746827526,0.006453360184380311,6.102774003440316,0.00134413173402616,56.32590913198553,0.31920252189393833,55.01718183568468,0.2553182476239681,67.14902162416227,1.0115340168457903,0.02544640109792109,1.536674587978396,0.0012285183937866993,1.564925088082717,0.0001937701866038871
1538.85899356,1.203931089422018,1435.4002711862515,1.1915122237834395,405.5107139668496,73.90754852169616,1.2569035899424608,5.952354270947901,-0.0018165093589689342,1.3897063187366856,0.0005736476564490515,56.32590913198553,0.31920252189393833,55.01718183568468,0.2553182476239681,67.14902162416227,1.0115340168457903,0.02544640109792109,1.536674587978396,0.0012285183937866993,1.564925088082717,0.0001937701866038871
1204.19451341,2.004455718981419,1276.7961339757305,1.2540406933121597,231.16895491431288,70.72556462620159,1.2838649521191896,2.438413341975542,0.0042305308627451155,5.130842557913453,0.0011479266654368162,56.32590913198553,0.31920252189393833,55.01718183568468,0.2553182476239681,67.14902162416227,1.0115340168457903,0.02544640109792109,1.536674587978396,0.0012285183937866993,1.564925088082717,0.0001937701866038871
1249.86938506,1.9890500419770634,1304.5215900224553,1.1293547175310188,285.78460903962815,69.69809439514768,1.2693820894852903,6184153.848350643,0.34322195908353553,5.35898317126264,0.001429066557713738,56.32590913198553,0.31920252189393833,55.01718183568468,0.2553182476239681,67.14902162416227,1.0115340168457903,0.02544640109792109,1.536674587978396,0.0012285183937866993,1.564925088082717,0.0001937701866038871
1296.39799264,1.6600355239642894,1339.995645139007,1.6067918686698923,353.65474061707596,73.65281246276587,1.2678244436875754,6.16134290033946,0.002129507989715404,1.370031059296979,0.0006011103851276214,56.32590913198553,0.31920252189393833,55.01718183568468,0.2553182476239681,67.14902162416227,1.0115340168457903,0.02544640109792109,1.536674587978396,0.0012285183937866993,1.564925088082717,0.0001937701866038871
1386.04026411,1.437189949008526,1419.5398574651995,1.2544223016379392,284.15695838893896,71.66379801261611,1.2476392332629584,3.602445334793722,0.00237302008428031,2.846807779813958,0.0007254234768277184,56.32590913198553,0.31920252189393833,55.01718183568468,0.2553182476239681,67.14902162416227,1.0115340168457903,0.02544640109792109,1.536674587978396,0.0012285183937866993,1.564925088082717,0.0001937701866038871
1322.86380612,1.7799061878663518,1359.3671428135744,1.23798824544632,182.11697917697902,70.9682735702605,1.2616497592132896,4.290686949857499,0.0025300565510682016,2.6520382885201843,0.0007442722808610071,56.32590913198553,0.31920252189393833,55.01718183568468,0.2553182476239681,67.14902162416227,1.0115340168457903,0.02544640109792109,1.536674587978396,0.0012285183937866993,1.564925088082717,0.0001937701866038871
1310.4846353,1.6210708191419392,1373.774694209034,1.5309677030844921,342.3522494462389,70.71816716673882,1.2317342278768277,5.718658733120193,0.0024181979825742598,2.23174328335865,0.0006488573402985004,56.32590913198553,0.31920252189393833,55.01718183568468,0.2553182476239681,67.14902162416227,1.0115340168457903,0.02544640109792109,1.536674587978396,0.0012285183937866993,1.564925088082717,0.0001937701866038871
1290.84870916,1.6070304458308442,1415.4234142093537,1.6580965957282845,327.6885120563852,72.19288414134947,1.3181889877633146,7947832.373270786,0.3698826487443735,5.595670347372225,0.0012063376025830362,56.32590913198553,0.31920252189393833,55.01718183568468,0.2553182476239681,67.14902162416227,1.0115340168457903,0.02544640109792109,1.536674587978396,0.0012285183937866993,1.564925088082717,0.0001937701866038871
1322.86380612,2.1028483917233047,1316.0234167667295,1.2661950716378534,224.62451772068525,72.37168666223006,1.2715021948309018,33.53018293822721,5.742146331779452,6.303048259109722,0.0013303687043022797,56.32590913198553,0.31920252189393833,55.01718183568468,0.2553182476239681,67.14902162416227,1.0115340168457903,0.02544640109792109,1.536674587978396,0.0012285183937866993,1.564925088082717,0.0001937701866038871
1360.00131858,1.2053126114635528,1463.7310865353065,1.252602019322204,283.68084730849415,71.31574983966341,1.222601261943279,9.789501877563723,0.005461512105696468,3.2971032165454046,0.0007339605923545896,56.32590913198553,0.31920252189393833,55.01718183568468,0.2553182476239681,67.14902162416227,1.0115340168457903,0.02544640109792109,1.536674587978396,0.0012285183937866993,1.564925088082717,0.0001937701866038871
1219.13489199,2.077381534660691,1282.6075832781007,1.5628976036245996,369.8599433940649,70.19585400506271,1.277130073231551,-0.2449697603954794,-0.45003431076604694,9.37738537538001,0.0018594162270067856,56.32590913198553,0.31920252189393833,55.01718183568468,0.2553182476239681,67.14902162416227,1.0115340168457903,0.02544640109792109,1.536674587978396,0.0012285183937866993,1.564925088082717,0.0001937701866038871
1209.74379688,2.178889604783796,1265.294307231456,1.7148078479400612,305.8000341810504,71.26897185467706,1.2187050475943975,0.24539363309193593,0.00019778973591370533,7.968772880932696,0.0017132902067736018,56.32590913198553,0.31920252189393833,55.01718183568468,0.2553182476239681,67.14902162416227,1.0115340168457903,0.02544640109792109,1.536674587978396,0.0012285183937866993,1.564925088082717,0.0001937701866038871
1222.1229677,1.7850770579678792,1325.8302374644795,1.7639184976716262,338.294632746513,70.95239023250949,1.228272043895391,6.154054058820972,0.0015604243038307465,0.6753329631997242,0.00038210774070561205,56.32590913198553,0.31920252189393833,55.01718183568468,0.2553182476239681,67.14902162416227,1.0115340168457903,0.02544640109792109,1.536674587978396,0.0012285183937866993,1.564925088082717,0.0001937701866038871
1352.74456327,2.1761776373595545,1357.3089211856513,1.4636814427679488,229.88748568908522,71.09940289746048,1.2757079370493574,2.29293022881767,-0.002638496435951483,4.079015767695066,0.001125201872260305,56.32590913198553,0.31920252189393833,55.01718183568468,0.2553182476239681,67.14902162416227,1.0115340168457903,0.02544640109792109,1.536674587978396,0.0012285183937866993,1.564925088082717,0.0001937701866038871
1248.16191323,1.6873255421994608,1328.1306028133342,1.1727147145948367,213.99490294465826,71.16817352533045,1.2567394189699208,6.119526441236471,0.0021894504296603974,1.8180713190415327,0.0006562823717145174,56.32590913198553,0.31920252189393833,55.01718183568468,0.2553182476239681,67.14902162416227,1.0115340168457903,0.02544640109792109,1.536674587978396,0.0012285183937866993,1.564925088082717,0.0001937701866038871
1342.07286429,1.6938375290802887,1365.5418076973428,1.565792892326955,301.69823794875356,70.91261838799745,1.2658906572616406,4.69176866281663,-0.00201852716934022,2.062359515156875,0.0007592593461916746,56.32590913198553,0.31920252189393833,55.01718183568468,0.2553182476239681,67.14902162416227,1.0115340168457903,0.02544640109792109,1.536674587978396,0.0012285183937866993,1.564925088082717,0.0001937701866038871
1279.75014222,1.5076156011095128,1290.7193979293259,1.087022015983044,257.1077784266793,73.97204238065117,1.2926432006655486,5.13731637950701,0.0021907076399552976,2.170079291178513,0.0006944443629694801,56.32590913198553,0.31920252189393833,55.01718183568468,0.2553182476239681,67.14902162416227,1.0115340168457903,0.02544640109792109,1.536674587978396,0.0012285183937866993,1.564925088082717,0.0001937701866038871
1287.00689753,1.9127011622471832,1361.6675081624292,1.5535032941615916,280.42886292626866,71.04905117051392,1.2757225397664793,11.34088055540855,0.0070130477828358635,4.828291608082757,0.001228702300364713,56.32590913198553,0.31920252189393833,55.01718183568468,0.2553182476239681,67.14902162416227,1.0115340168457903,0.02544640109792109,1.536674587978396,0.0012285183937866993,1.564925088082717,0.0001937701866038871
1315.18018285,1.793608351006934,1346.6545974646394,1.525613828164485,301.05530935679616,71.83294442642058,1.2929938463763262,4.51576640322634,0.004433856238340111,5.044024438615143,0.001225958181775575,56.32590913198553,0.31920252189393833,55.01718183568468,0.2553182476239681,67.14902162416227,1.0115340168457903,0.02544640109792109,1.536674587978396,0.0012285183937866993,1.564925088082717,0.0001937701866038871
1296.8248606,1.4870168648593547,1345.564950720445,0.9904390434828308,226.73610922531373,70.40781920054073,1.273880800234621,5.487611043687443,0.001522962189495209,0.7245001743812783,0.0005722539274721167,56.32590913198553,0.31920252189393833,55.01718183568468,0.2553182476239681,67.14902162416227,1.0115340168457903,0.02544640109792109,1.536674587978396,0.0012285183937866993,1.564925088082717,0.0001937701866038871
1370.24614961,1.5299782663093264,1395.0833416510582,1.3114981155574388,286.9378920618117,72.42520312015996,1.2526325929127486,5.325821641493805,0.002842008855978536,3.04849577793074,0.0008901592680162345,56.32590913198553,0.31920252189393833,55.01718183568468,0.2553182476239681,67.14902162416227,1.0115340168457903,0.02544640109792109,1.536674587978396,0.0012285183937866993,1.564925088082717,0.0001937701866038871
1292.98304896,1.680410520692317,1368.5686042089937,1.3537314414032147,279.67838635427825,72.33573316991925,1.2771693960606376,2.395503601496791,-0.0007186060782076264,4.202998918431814,0.0019559006474461987,56.32590913198553,0.31920252189393833,55.01718183568468,0.2553182476239681,67.14902162416227,1.0115340168457903,0.02544640109792109,1.536674587978396,0.0012285183937866993,1.564925088082717,0.0001937701866038871
1275.90833059,1.5818932143052669,1340.9642200227352,1.1200920397510798,210.92998074161852,72.59604478461314,1.2433204934750546,7.775514362202045,0.0024336234502276067,2.1412309480607306,0.0007230742066336275,56.32590913198553,0.31920252189393833,55.01718183568468,0.2553182476239681,67.14902162416227,1.0115340168457903,0.02544640109792109,1.536674587978396,0.0012285183937866993,1.564925088082717,0.0001937701866038871
1203.76764545,1.3461503815577638,1393.7515511859315,1.2666678734319945,344.00140291782174,71.53030124044356,1.297880625492255,5.19369896061925,0.0027181520806144346,2.320778260219389,0.000785232105676753,56.32590913198553,0.31920252189393833,55.01718183568468,0.2553182476239681,67.14902162416227,1.0115340168457903,0.02544640109792109,1.536674587978396,0.0012285183937866993,1.564925088082717,0.0001937701866038871
1336.52358082,1.492644361911073,1347.986387929766,1.3047429747704238,213.79905512392227,71.77151455171568,1.2489122383080102,4.627121995695893,0.0021111612383964574,2.1229297399834097,0.0005647220371096936,56.32590913198553,0.31920252189393833,55.01718183568468,0.2553182476239681,67.14902162416227,1.0115340168457903,0.02544640109792109,1.536674587978396,0.0012285183937866993,1.564925088082717,0.0001937701866038871
1424.88524841,1.5141108412650301,1445.4492356049334,1.3174147180386746,297.80802640878136,72.04199436735236,1.2781285867329466,8.316460459296803,0.0043173581738063975,3.42483263713471,0.0008630304867917477,56.32590913198553,0.31920252189393833,55.01718183568468,0.2553182476239681,67.14902162416227,1.0115340168457903,0.02544640109792109,1.536674587978396,0.0012285183937866993,1.564925088082717,0.0001937701866038871
1354.02516715,1.4889212265604166,1401.2580065348266,1.2193882192410177,218.45971887327744,71.09552064748661,1.2479623339213566,6.38131126545065,0.003619911233088819,3.1986622259517348,0.0008006702399392545,56.32590913198553,0.31920252189393833,55.01718183568468,0.2553182476239681,67.14902162416227,1.0115340168457903,0.02544640109792109,1.536674587978396,0.0012285183937866993,1.564925088082717,0.0001937701866038871
1343.78033613,1.678444270286982,1370.6268258369166,1.250542674324572,187.62990998059237,70.91447956687547,1.2621653465818634,11.940196104112756,0.006096973765487175,4.121046889800826,0.0008686702760671204,56.32590913198553,0.31920252189393833,55.01718183568468,0.2553182476239681,67.14902162416227,1.0115340168457903,0.02544640109792109,1.536674587978396,0.0012285183937866993,1.564925088082717,0.0001937701866038871
1342.07286429,1.6889589879634945,1323.1666565342264,1.2503263409094105,209.7994185773936,70.73992314634435,1.2726085786982693,8.952684379987923,0.0057925410712129175,3.799125825788337,0.0008458445409556418,56.32590913198553,0.31920252189393833,55.01718183568468,0.2553182476239681,67.14902162416227,1.0115340168457903,0.02544640109792109,1.536674587978396,0.0012285183937866993,1.564925088082717,0.0001937701866038871
1603.74292339,1.2074084996336722,1449.323535139847,1.2399572182294516,306.42748740107953,70.25434891484834,1.2171237644273911,5.600469619838617,0.004013062756497114,3.1411790879933137,0.0006581654639395622,56.32590913198553,0.31920252189393833,55.01718183568468,0.2553182476239681,67.14902162416227,1.0115340168457903,0.02544640109792109,1.536674587978396,0.0012285183937866993,1.564925088082717,0.0001937701866038871
1255.41866854,1.9580885394614471,1298.7101407200848,1.4825412158366702,242.77821819840608,69.86097024597734,1.1619743166289909,5.987476788299962,0.00143085423311275,0.4948726253356368,0.0002496490512307407,56.32590913198553,0.31920252189393833,55.01718183568468,0.2553182476239681,67.14902162416227,1.0115340168457903,0.02544640109792109,1.536674587978396,0.0012285183937866993,1.564925088082717,0.0001937701866038871
1349.3296196,1.6250694439466868,1345.564950720445,1.0400318558551074,223.04524230039394,68.58918862404707,1.2821754796188418,6.7408842004487814,0.0024197658382082094,1.9006021352395763,0.0007732641197994135,56.32590913198553,0.31920252189393833,55.01718183568468,0.2553182476239681,67.14902162416227,1.0115340168457903,0.02544640109792109,1.536674587978396,0.0012285183937866993,1.564925088082717,0.0001937701866038871
1319.44886244,1.7605665695313388,1365.5418076973428,1.4347503055970015,264.1250132385041,71.42180721814489,1.2037969037357001,5.148085077921796,0.001513301831161607,0.749122243416387,0.0004307214763954106,56.32590913198553,0.31920252189393833,55.01718183568468,0.2553182476239681,67.14902162416227,1.0115340168457903,0.02544640109792109,1.536674587978396,0.0012285183937866993,1.564925088082717,0.0001937701866038871
1496.17219763,1.444200179594445,1403.5583718836813,1.4657317606042948,406.29032657904884,72.09669381551859,1.2544230710811264,6.8846831847054615,0.005223174711737718,4.5584842780326635,0.0010336640605828804,56.32590913198553,0.31920252189393833,55.01718183568468,0.2553182476239681,67.14902162416227,1.0115340168457903,0.02544640109792109,1.536674587978396,0.0012285183937866993,1.564925088082717,0.0001937701866038871
1314.75331489,1.859779553629042,1385.5186646742404,1.5793421454199137,284.0411326243802,70.56736813625021,1.2234485028893896,5.964117757631461,0.0018197465807131092,1.1414019216975173,0.0006206641794978071,56.32590913198553,0.31920252189393833,55.01718183568468,0.2553182476239681,67.14902162416227,1.0115340168457903,0.02544640109792109,1.536674587978396,0.0012285183937866993,1.564925088082717,0.0001937701866038871
1389.45520778,1.539901692956199,1394.1147667673297,1.2543200834865573,217.10342250172474,70.82450445389257,1.3075234320784939,5.911879998530408,0.0033528134086595923,3.2777290408570905,0.0007847060869488354,56.32590913198553,0.31920252189393833,55.01718183568468,0.2553182476239681,67.14902162416227,1.0115340168457903,0.02544640109792109,1.536674587978396,0.0012285183937866993,1.564925088082717,0.0001937701866038871
1587.52194093,1.7945695662597339,1443.2699421165446,1.742748242379117,399.5119693483318,70.85267199333434,1.306838385348135,4.518048211757333,-0.012593599937321264,6.607933984260536,0.0014846876470938299,56.32590913198553,0.31920252189393833,55.01718183568468,0.2553182476239681,67.14902162416227,1.0115340168457903,0.02544640109792109,1.536674587978396,0.0012285183937866993,1.564925088082717,0.0001937701866038871
1514.95438784,1.5518053532647587,1440.4852893258255,1.3368596387003604,220.3141152354406,70.28984898105801,1.2897003498785566,8.203098222500815,0.005474023826148525,3.6907376141569883,0.0009205506107411198,56.32590913198553,0.31920252189393833,55.01718183568468,0.2553182476239681,67.14902162416227,1.0115340168457903,0.02544640109792109,1.536674587978396,0.0012285183937866993,1.564925088082717,0.0001937701866038871
1200.35270178,1.9340662028323208,1320.8662911853714,1.159050644724457,318.21713906472155,70.09650787414863,1.2563878240928703,10.690155571610534,0.007100071443906332,4.503999365127805,0.001294377537875377,56.32590913198553,0.31920252189393833,55.01718183568468,0.2553182476239681,67.14902162416227,1.0115340168457903,0.02544640109792109,1.536674587978396,0.0012285183937866993,1.564925088082717,0.0001937701866038871
1370.24614961,1.3780008253089941,1418.5712825814712,1.1916310760533675,294.225437975445,70.56035517732691,1.261879061601303,4.316740044219121,0.0022399744604083703,2.595803513330877,0.0007069960135849379,56.32590913198553,0.31920252189393833,55.01718183568468,0.2553182476239681,67.14902162416227,1.0115340168457903,0.02544640109792109,1.536674587978396,0.0012285183937866993,1.564925088082717,0.0001937701866038871
1311.33837121,1.3058742015620641,1330.7941837435874,0.99711257437387,231.9420646472739,71.65896772874027,1.2601401013636775,5.604067139850204,0.002485363495955696,2.5258219686693164,0.0007169530354139416,56.32590913198553,0.31920252189393833,55.01718183568468,0.2553182476239681,67.14902162416227,1.0115340168457903,0.02544640109792109,1.536674587978396,0.0012285183937866993,1.564925088082717,0.0001937701866038871
1355.73263899,1.1728776643400503,1387.576886302163,1.230599101073523,429.80659111039216,70.694152751735,1.2804878790235892,6.01728621354865,0.0022394649020453126,2.178932491071551,0.0007703802903645458,56.32590913198553,0.31920252189393833,55.01718183568468,0.2553182476239681,67.14902162416227,1.0115340168457903,0.02544640109792109,1.536674587978396,0.0012285183937866993,1.564925088082717,0.0001937701866038871
1415.4941533,1.5335797402470415,1429.1045344420172,1.2603081555594553,272.5284322407673,70.93231681183669,1.2555936653754542,5.220089198152788,-0.002174204977943771,2.7840677353954044,0.0007806021830723095,56.32590913198553,0.31920252189393833,55.01718183568468,0.2553182476239681,67.14902162416227,1.0115340168457903,0.02544640109792109,1.536674587978396,0.0012285183937866993,1.564925088082717,0.0001937701866038871
1345.48780796,1.3288465691639555,1381.2811495579288,1.0394370722144064,201.3455593017453,72.72066283307063,1.215495391002415,4.950088626534656,0.002445783609863168,2.963962252914273,0.0006901815353949721,56.32590913198553,0.31920252189393833,55.01718183568468,0.2553182476239681,67.14902162416227,1.0115340168457903,0.02544640109792109,1.536674587978396,0.0012285183937866993,1.564925088082717,0.0001937701866038871
1316.03391877,1.7869211716249067,1428.741318860619,1.7956762643866075,355.84260702301066,70.77579752208038,1.2910585552644973,8822420.235665733,0.34583851389421544,6.650265001560214,0.0014139577103120496,56.32590913198553,0.31920252189393833,55.01718183568468,0.2553182476239681,67.14902162416227,1.0115340168457903,0.02544640109792109,1.536674587978396,0.0012285183937866993,1.564925088082717,0.0001937701866038871
1186.69292708,1.2699236332462154,1327.8884590924022,1.2106229579802528,395.7133999359938,70.41674703096064,1.3047562676386826,5.407540450568256,0.0017784789748472988,1.1651627227733494,0.0005508622315066517,56.32590913198553,0.31920252189393833,55.01718183568468,0.2553182476239681,67.14902162416227,1.0115340168457903,0.02544640109792109,1.536674587978396,0.0012285183937866993,1.564925088082717,0.0001937701866038871
1248.58878119,1.2682096671721257,1379.4650716509382,0.9981129303966848,293.1486846104677,69.7544849449684,1.264899470459417,4.720264970180571,0.004049427010986043,3.983081001334228,0.0008347123203716351,56.32590913198553,0.31920252189393833,55.01718183568468,0.2553182476239681,67.14902162416227,1.0115340168457903,0.02544640109792109,1.536674587978396,0.0012285183937866993,1.564925088082717,0.0001937701866038871
1314.32644693,1.7066757279504994,1409.2487493255855,1.1967802553248772,230.14890290374697,71.97426944804798,1.2975760213179865,6.882862188059373,0.0062803385393455854,5.260675039336748,0.0011525564853211896,56.32590913198553,0.31920252189393833,55.01718183568468,0.2553182476239681,67.14902162416227,1.0115340168457903,0.02544640109792109,1.536674587978396,0.0012285183937866993,1.564925088082717,0.0001937701866038871
1330.12056143,1.6406811804164194,1338.7849265343464,1.1765831647422724,231.41709304513253,70.90626783616368,1.2494239093751824,4.698567572979571,-0.0021574087243040334,2.629553573561366,0.0007802730176610659,56.32590913198553,0.31920252189393833,55.01718183568468,0.2553182476239681,67.14902162416227,1.0115340168457903,0.02544640109792109,1.536674587978396,0.0012285183937866993,1.564925088082717,0.0001937701866038871
1346.34154388,1.739180228524611,1365.5418076973428,1.1903657998251076,165.88964192335774,69.71541572619297,1.2193076615350116,5.85010122072502,0.002101378541816941,2.02935939960191,0.0006508739350891305,56.32590913198553,0.31920252189393833,55.01718183568468,0.2553182476239681,67.14902162416227,1.0115340168457903,0.02544640109792109,1.536674587978396,0.0012285183937866993,1.564925088082717,0.0001937701866038871
1335.6698449,2.1043024115736513,1349.0760346739603,1.7663062346515928,200.08994152784578,70.96520053729444,1.213760205983003,5.127637245650152,-0.0019308090444003603,2.0144587344084037,0.0006446959757587087,56.32590913198553,0.31920252189393833,55.01718183568468,0.2553182476239681,67.14902162416227,1.0115340168457903,0.02544640109792109,1.536674587978396,0.0012285183937866993,1.564925088082717,0.0001937701866038871
1353.59829919,1.4418351208750244,1444.480660721205,1.1419100725721365,235.62043327127455,72.08853095982802,1.238490556189848,5.051557928150804,0.003761217681817537,3.710525873833664,0.0007725976111118413,56.32590913198553,0.31920252189393833,55.01718183568468,0.2553182476239681,67.14902162416227,1.0115340168457903,0.02544640109792109,1.536674587978396,0.0012285183937866993,1.564925088082717,0.0001937701866038871
1407.81053003,1.7104069951275904,1388.0611737440272,1.1635767396263124,212.13638768309514,70.89033857313379,1.2769857372405327,6.026379757121204,0.0027646818896336837,2.562838918214141,0.0008069412438849881,56.32590913198553,0.31920252189393833,55.01718183568468,0.2553182476239681,67.14902162416227,1.0115340168457903,0.02544640109792109,1.536674587978396,0.0012285183937866993,1.564925088082717,0.0001937701866038871
1262.24855589,1.5937214250233183,1315.4180574643995,1.2533446901017666,372.24680259749545,71.13726566040867,1.2830625377524465,6.546114043889206,0.0016872090833616542,0.8750592456564888,0.0005490002606691951,56.32590913198553,0.31920252189393833,55.01718183568468,0.2553182476239681,67.14902162416227,1.0115340168457903,0.02544640109792109,1.536674587978396,0.0012285183937866993,1.564925088082717,0.0001937701866038871
1287.00689753,2.198573724546675,1285.513307929286,1.134052758409224,233.86403061009463,71.2119076844827,1.2653093797661366,7.061118314050593,-0.0016396436107139073,455899.63318071497,-0.18663526541401135,56.32590913198553,0.31920252189393833,55.01718183568468,0.2553182476239681,67.14902162416227,1.0115340168457903,0.02544640109792109,1.536674587978396,0.0012285183937866993,1.564925088082717,0.0001937701866038871
1302.80101203,1.5593179960855705,1302.9476558363965,1.285593229718312,334.25158687488545,71.34894937574914,1.2623450716309341,4.319830692328438,0.0028198770280331697,2.9045116124863246,0.0008649848335549675,56.32590913198553,0.31920252189393833,55.01718183568468,0.2553182476239681,67.14902162416227,1.0115340168457903,0.02544640109792109,1.536674587978396,0.0012285183937866993,1.564925088082717,0.0001937701866038871
1265.66349956,1.861008801398293,1308.2748176969026,1.6746205560423766,439.7849100544385,70.38798985874014,1.250955796356141,4.5871607047633844,0.0025098262979643105,2.4922774241240804,0.0008397614970510281,56.32590913198553,0.31920252189393833,55.01718183568468,0.2553182476239681,67.14902162416227,1.0115340168457903,0.02544640109792109,1.536674587978396,0.0012285183937866993,1.564925088082717,0.0001937701866038871
1386.89400002,2.03782086143098,1348.349603511164,1.565961113816373,233.4350437135604,71.56459132785538,1.2660858624145512,6.1450087940797,0.0023550839261699515,1.7032299880991475,0.0006462834491337774,56.32590913198553,0.31920252189393833,55.01718183568468,0.2553182476239681,67.14902162416227,1.0115340168457903,0.02544640109792109,1.536674587978396,0.0012285183937866993,1.564925088082717,0.0001937701866038871
1384.33279227,1.758102620218902,1410.33839606978,1.5687324082047547,257.8810375758415,73.66287482208709,1.2533571214939934,10.120202894040194,0.0046076015351723424,3.0901092812428255,0.0007263436006389195,56.32590913198553,0.31920252189393833,55.01718183568468,0.2553182476239681,67.14902162416227,1.0115340168457903,0.02544640109792109,1.536674587978396,0.0012285183937866993,1.564925088082717,0.0001937701866038871
